id,original_title,original_authors,original_venue,original_year,rank,candidate_doi,candidate_title,candidate_container,candidate_year,crossref_score,title_similarity,confirmed
pub-conf-006,Estimating the Vitality of Individual Street Trees in Urban Areas Using Multi-source Imagery and Deep Learning,Yeonsu Kang,SIGSPATIAL '25,2025,1,10.1145/3748636.3766531,Estimating the vitality of individual street trees in urban areas using multi-source imagery and deep learning,Proceedings of the 33rd ACM International Conference on Advances in Geographic Information Systems,2025,104.21737,1,O
pub-conf-006,Estimating the Vitality of Individual Street Trees in Urban Areas Using Multi-source Imagery and Deep Learning,Yeonsu Kang,SIGSPATIAL '25,2025,2,10.3390/smartcities9020031,Individual Street Tree Detection and Vitality Assessment Using GeoAI and Multi-Source Imagery,Smart Cities,2026,73.72537,0.381,
pub-conf-006,Estimating the Vitality of Individual Street Trees in Urban Areas Using Multi-source Imagery and Deep Learning,Yeonsu Kang,SIGSPATIAL '25,2025,3,10.23919/wac55640.2022.9934648,Urban road quality design supported by multi-source data and deep learning,2022 World Automation Congress (WAC),2022,34.507183,0.261,
pub-conf-029,Developing Deep Learning Model for Predicting Perceived Walkability Using Street View Images,"Jiyeon Kim, Youngok Kang",2023 International Cartographic Conference,2023,1,10.5194/ica-abs-6-118-2023,Developing deep learning model for predicting perceived walkability using street view images,Abstracts of the ICA,2023,88.91496,1,O
pub-conf-029,Developing Deep Learning Model for Predicting Perceived Walkability Using Street View Images,"Jiyeon Kim, Youngok Kang",2023 International Cartographic Conference,2023,2,10.3390/ijgi12050186,Assessment of Perceived and Physical Walkability Using Street View Images and Deep Learning Technology,ISPRS International Journal of Geo-Information,2023,65.31027,0.471,
pub-conf-029,Developing Deep Learning Model for Predicting Perceived Walkability Using Street View Images,"Jiyeon Kim, Youngok Kang",2023 International Cartographic Conference,2023,3,10.5194/ica-abs-6-135-2023,Measuring human perceptions of urban landscape using machine learning: factors affecting perceived walkability of street-view image,Abstracts of the ICA,2023,51.977245,0.273,
pub-conf-031,Assessment of Perceived and Physical Walkability Using Street View Images and Deep Learning Technology,"Youngok Kang, Jiyeon Kim, Jiyoung Park, Jiyoon Lee",LocBigDataAI 2023,2023,1,10.3390/ijgi12050186,Assessment of Perceived and Physical Walkability Using Street View Images and Deep Learning Technology,ISPRS International Journal of Geo-Information,2023,81.69135,1,O
pub-conf-031,Assessment of Perceived and Physical Walkability Using Street View Images and Deep Learning Technology,"Youngok Kang, Jiyeon Kim, Jiyoung Park, Jiyoon Lee",LocBigDataAI 2023,2023,2,10.5194/ica-abs-6-118-2023,Developing deep learning model for predicting perceived walkability using street view images,Abstracts of the ICA,2023,77.286156,0.471,
pub-conf-031,Assessment of Perceived and Physical Walkability Using Street View Images and Deep Learning Technology,"Youngok Kang, Jiyeon Kim, Jiyoung Park, Jiyoon Lee",LocBigDataAI 2023,2023,3,10.1007/s41324-025-00656-7,Modeling and explaining perceived walkability in urban environments using street view images and explainable AI,Spatial Information Research,2025,65.068344,0.35,
pub-conf-040,Classifying Tourists' Photos and Exploring Tourism Destination Image Using a Deep Learning Model,"Nahye Cho, Youngok Kang, Jiyeon Kim, Soyeon Park",30th International Cartographic Conference,2021,1,10.5194/ica-abs-3-150-2021,Classifying Tourists’ Photos and Exploring Tourism Destination Image Using a Deep Learning Model,Abstracts of the ICA,2021,92.65321,1,O
pub-conf-040,Classifying Tourists' Photos and Exploring Tourism Destination Image Using a Deep Learning Model,"Nahye Cho, Youngok Kang, Jiyeon Kim, Soyeon Park",30th International Cartographic Conference,2021,2,10.1080/1528008x.2021.1995567,Classifying Tourists’ Photos and Exploring Tourism Destination Image Using a Deep Learning Model,Journal of Quality Assurance in Hospitality &amp; Tourism,2022,83.07265,1,
pub-conf-040,Classifying Tourists' Photos and Exploring Tourism Destination Image Using a Deep Learning Model,"Nahye Cho, Youngok Kang, Jiyeon Kim, Soyeon Park",30th International Cartographic Conference,2021,3,10.3390/ijgi10030137,Transfer Learning of a Deep Learning Model for Exploring Tourists’ Urban Image Using Geotagged Photos,ISPRS International Journal of Geo-Information,2021,64.68479,0.5,
pub-conf-060,Analysis of Travel Patterns of Seoul Tourists by Trajectory Data Mining,"Juyoon Lee, Youngok Kang, Dongeun Kim, Nayeon Kim, Yearim Park",29th International Cartographic Conference,2019,1,10.5194/ica-abs-1-209-2019,Analysis of Travel Patterns of Seoul Tourists by Trajectory Data Mining,Abstracts of the ICA,2019,70.06362,1,O
pub-conf-060,Analysis of Travel Patterns of Seoul Tourists by Trajectory Data Mining,"Juyoon Lee, Youngok Kang, Dongeun Kim, Nayeon Kim, Yearim Park",29th International Cartographic Conference,2019,2,10.16879/jkca.2018.18.3.117,Analysis of Travel Patterns of Seoul Tourists by Trajectory Data Mining,Journal of the Korean Cartographic Association,2018,60.91484,1,O
pub-conf-060,Analysis of Travel Patterns of Seoul Tourists by Trajectory Data Mining,"Juyoon Lee, Youngok Kang, Dongeun Kim, Nayeon Kim, Yearim Park",29th International Cartographic Conference,2019,3,10.5194/ica-proc-2-62-2019,Analysis of Tourists’ Image of Seoul with Geotagged Photos using Convolutional Neural Networks,Proceedings of the ICA,2019,37.317337,0.222,
pub-conf-062,Analysis of Tourists' Image of Seoul with Geotagged Photos Using Convolutional Neural Networks,"Dongeun Kim, Youngok Kang, Juyoon Lee, Nayeon Kim, Yearim Park",29th International Cartographic Conference,2019,1,10.5194/ica-proc-2-62-2019,Analysis of Tourists’ Image of Seoul with Geotagged Photos using Convolutional Neural Networks,Proceedings of the ICA,2019,82.66812,1,O
pub-conf-062,Analysis of Tourists' Image of Seoul with Geotagged Photos Using Convolutional Neural Networks,"Dongeun Kim, Youngok Kang, Juyoon Lee, Nayeon Kim, Yearim Park",29th International Cartographic Conference,2019,2,10.1007/s41324-019-00285-x,Understanding tourists’ urban images with geotagged photos using convolutional neural networks,Spatial Information Research,2019,68.056656,0.533,
pub-conf-062,Analysis of Tourists' Image of Seoul with Geotagged Photos Using Convolutional Neural Networks,"Dongeun Kim, Youngok Kang, Juyoon Lee, Nayeon Kim, Yearim Park",29th International Cartographic Conference,2019,3,10.16879/jkca.2019.19.1.035,Spatio-Temporal Analysis of Attractive Regions of Seoul Tourists using Geotagged Photos,Journal of the Korean Cartographic Association,2019,47.441605,0.438,
pub-conf-061,An Analysis of Movement by Visualizing Spatio-temporal Characteristics of Log Data,"Nahye Cho, Youngok Kang",29th International Cartographic Conference,2019,1,10.5194/ica-proc-2-18-2019,An Analysis of Movement by Visualizing Spatio-Temporal Characteristics of Logdata,Proceedings of the ICA,2019,67.78626,0.75,O
pub-conf-061,An Analysis of Movement by Visualizing Spatio-temporal Characteristics of Log Data,"Nahye Cho, Youngok Kang",29th International Cartographic Conference,2019,2,10.5194/ica-proc-1-19-2018,Exploration of spatio-temporal patterns of students’ movement in field trip by visualizing the log data,Proceedings of the ICA,2018,67.428925,0.444,
pub-conf-061,An Analysis of Movement by Visualizing Spatio-temporal Characteristics of Log Data,"Nahye Cho, Youngok Kang",29th International Cartographic Conference,2019,3,10.1007/s41324-016-0079-x,Space-time density of field trip trajectory: exploring spatio-temporal patterns in movement data,Spatial Information Research,2017,50.631477,0.25,
pub-conf-005,Enhanced Interaction-Aware Pedestrian Trajectory Prediction via Social Pooling and Transformer-Based Cross Attention,Jiwoo Ha,SIGSPATIAL '25,2025,1,10.1145/3748636.3766530,Pedestrian Trajectory Prediction via Social Pooling and Transformer Cross Attention,Proceedings of the 33rd ACM International Conference on Advances in Geographic Information Systems,2025,72.99982,0.714,O
pub-conf-005,Enhanced Interaction-Aware Pedestrian Trajectory Prediction via Social Pooling and Transformer-Based Cross Attention,Jiwoo Ha,SIGSPATIAL '25,2025,2,10.7319/kogsis.2025.33.4.003,Social Pooling and Cross Attention-Based Transformer Model for Pedestrian Trajectory Prediction in Urban Back Streets,Journal of Korean Society for Geospatial Information Science,2025,63.807594,0.5,
pub-conf-005,Enhanced Interaction-Aware Pedestrian Trajectory Prediction via Social Pooling and Transformer-Based Cross Attention,Jiwoo Ha,SIGSPATIAL '25,2025,3,10.1109/tvcg.2026.3679899/mm1,Int3DNet: Scene-Motion Cross Attention Network for 3D Intention Prediction in Mixed Reality_supp1-3679899.mp4,,,31.437418,0.111,
pub-conf-007,Modeling Stopped Vehicle Dynamics on Urban Backstreets via GraphLSTM-Attn,"Jiwon Kim, Jiyoon Lee, Youngok Kang",SIGSPATIAL '25,2025,1,10.1145/3748636.3763213,Modeling Stopped Vehicle Dynamics on Urban Backstreets via GraphLSTM-Attn: A Context-Aware GeoAI Approach,Proceedings of the 33rd ACM International Conference on Advances in Geographic Information Systems,2025,94.39891,0.667,O
pub-conf-007,Modeling Stopped Vehicle Dynamics on Urban Backstreets via GraphLSTM-Attn,"Jiwon Kim, Jiyoon Lee, Youngok Kang",SIGSPATIAL '25,2025,2,10.7319/kogsis.2026.34.1.029,Development of a GraphLSTM-Attn Model for Time-Series Prediction of Urban Backstreets Parking,Journal of Korean Society for Geospatial Information Science,2026,59.559452,0.211,
pub-conf-007,Modeling Stopped Vehicle Dynamics on Urban Backstreets via GraphLSTM-Attn,"Jiwon Kim, Jiyoon Lee, Youngok Kang",SIGSPATIAL '25,2025,3,10.1016/j.trc.2021.103114,Joint prediction of next location and travel time from urban vehicle trajectories using long short-term memory neural networks,Transportation Research Part C: Emerging Technologies,2021,28.776968,0.074,
pub-conf-015,Measurement and Visualization of Perceived Fear of Crime by Street Level,"Somang Kim, Jaeyeon Choi, Youngok Kang",The First Asian Cartographic Conference,2024,1,10.16879/jkca.2024.24.1.071,Measurement and Visualization of Perceived Fear of Crime by Street Level using Street View Images and Deep Learning Technology,Journal of the Korean Cartographic Association,2024,51.18978,0.625,O
pub-conf-015,Measurement and Visualization of Perceived Fear of Crime by Street Level,"Somang Kim, Jaeyeon Choi, Youngok Kang",The First Asian Cartographic Conference,2024,2,10.3390/ijgi15010018,Modeling and Explaining Perceived Fear of Crime from Street View Imagery Using a GeoAI Framework,ISPRS International Journal of Geo-Information,2025,50.80799,0.316,
pub-conf-015,Measurement and Visualization of Perceived Fear of Crime by Street Level,"Somang Kim, Jaeyeon Choi, Youngok Kang",The First Asian Cartographic Conference,2024,3,10.21189/jkugs.27.1.5,Where Do You Think is Better to Walk? Evaluation of the Perceived Walking Environment Using Street View Images and Deep Learning Model Based on Siamese Neural Network,Journal of the Korean Urban Geographical Society,2024,31.816402,0.121,
pub-conf-008,Peak-GraphTFT: A GCN-Augmented Temporal Fusion Transformer with Peak-Sensitive Learning,"Jiyoon Lee, Youngok Kang",GeoAI '25,2025,1,10.1145/3764912.3770814,Peak-GraphTFT: A GCN-Augmented Temporal Fusion Transformer with Peak-Sensitive Learning for Predicting Pedestrian Congestion in Shadow Areas,Proceedings of the 8th ACM SIGSPATIAL International Workshop on AI for Geographic Knowledge Discovery,2025,99.324776,0.611,
pub-conf-008,Peak-GraphTFT: A GCN-Augmented Temporal Fusion Transformer with Peak-Sensitive Learning,"Jiyoon Lee, Youngok Kang",GeoAI '25,2025,2,10.3390/ijgi14100381,PGTFT: A Lightweight Graph-Attention Temporal Fusion Transformer for Predicting Pedestrian Congestion in Shadow Areas,ISPRS International Journal of Geo-Information,2025,39.53306,0.182,
pub-conf-008,Peak-GraphTFT: A GCN-Augmented Temporal Fusion Transformer with Peak-Sensitive Learning,"Jiyoon Lee, Youngok Kang",GeoAI '25,2025,3,10.1109/access.2023.3254910,Temporal Peak-Management and Clustering System for Sustainable Learning With Application to the Excimer Laser Annealing Process,IEEE Access,2023,31.531784,0.167,
pub-conf-030,Measuring Human Perceptions of Urban Landscape Using Machine Learning,"Jiyoon Lee, Youngok Kang, Jiyeon Kim, Jiyoung Park",2023 International Cartographic Conference,2023,1,10.5194/ica-abs-6-135-2023,Measuring human perceptions of urban landscape using machine learning: factors affecting perceived walkability of street-view image,Abstracts of the ICA,2023,55.343452,0.563,O
pub-conf-030,Measuring Human Perceptions of Urban Landscape Using Machine Learning,"Jiyoon Lee, Youngok Kang, Jiyeon Kim, Jiyoung Park",2023 International Cartographic Conference,2023,2,10.5194/egusphere-egu26-16457,"A Machine Learning Framework for Urban Drought Risk Assessment under Future Climate Scenarios: A Case Study of Gangneung City, South Korea",,2026,30.901161,0.16,
pub-conf-030,Measuring Human Perceptions of Urban Landscape Using Machine Learning,"Jiyoon Lee, Youngok Kang, Jiyeon Kim, Jiyoung Park",2023 International Cartographic Conference,2023,3,10.3390/ijgi13120434,A Dynamic Algorithm for Measuring Pedestrian Congestion and Safety in Urban Alleyways,ISPRS International Journal of Geo-Information,2024,31.989677,0.105,
pub-conf-017,Evaluating Urban Walkability: Analyzing Physical Walking Environment Using Street View Images,"Jaeyeon Choi, Seungmin Noh, Somang Kim, Youngok Kang",The First Asian Cartographic Conference,2024,1,10.16879/jkca.2024.24.3.045,Comparison of Physical and Perceived Walking Environment using Street View Images and Deep Learning Technology,Journal of the Korean Cartographic Association,2024,44.69805,0.389,
pub-conf-017,Evaluating Urban Walkability: Analyzing Physical Walking Environment Using Street View Images,"Jaeyeon Choi, Seungmin Noh, Somang Kim, Youngok Kang",The First Asian Cartographic Conference,2024,2,10.1007/s41324-025-00656-7,Modeling and explaining perceived walkability in urban environments using street view images and explainable AI,Spatial Information Research,2025,62.225418,0.316,
pub-conf-017,Evaluating Urban Walkability: Analyzing Physical Walking Environment Using Street View Images,"Jaeyeon Choi, Seungmin Noh, Somang Kim, Youngok Kang",The First Asian Cartographic Conference,2024,3,10.21189/jkugs.27.1.5,Where Do You Think is Better to Walk? Evaluation of the Perceived Walking Environment Using Street View Images and Deep Learning Model Based on Siamese Neural Network,Journal of the Korean Urban Geographical Society,2024,50.687614,0.188,
pub-conf-018,Anomaly Detection and Spatiotemporal Analysis of Pedestrian Trajectories Using VAE,"Juyeon Cho, Youngok Kang",The First Asian Cartographic Conference,2024,1,10.7319/kogsis.2024.32.3.029,Anomaly Detection in Pedestrian Trajectories Using Variational Auto Encoder,Journal of Korean Society for Geospatial Information Science,2024,37.033066,0.357,
pub-conf-018,Anomaly Detection and Spatiotemporal Analysis of Pedestrian Trajectories Using VAE,"Juyeon Cho, Youngok Kang",The First Asian Cartographic Conference,2024,2,10.3390/ijgi14110438,Context-Aware Anomaly Detection of Pedestrian Trajectories in Urban Back Streets Using a Variational Autoencoder,ISPRS International Journal of Geo-Information,2025,54.979965,0.316,
pub-conf-018,Anomaly Detection and Spatiotemporal Analysis of Pedestrian Trajectories Using VAE,"Juyeon Cho, Youngok Kang",The First Asian Cartographic Conference,2024,3,10.53759/7669/jmc202404013,A Comparative Analysis of IoT based Network Anomaly Detection and Prediction Using Vector Autoregressive Models,Journal of Machine and Computing,2024,27.992632,0.316,
pub-conf-016,Road Congestion and Safety Algorithm for Alleyway Utilizing Trajectories Based on CCTV,"Jiyoon Lee, Youngok Kang",The First Asian Cartographic Conference,2024,1,10.3390/ijgi13120434,A Dynamic Algorithm for Measuring Pedestrian Congestion and Safety in Urban Alleyways,ISPRS International Journal of Geo-Information,2024,39.980515,0.263,
pub-conf-016,Road Congestion and Safety Algorithm for Alleyway Utilizing Trajectories Based on CCTV,"Jiyoon Lee, Youngok Kang",The First Asian Cartographic Conference,2024,2,10.3390/ijgi14020077,"Correction: Lee, J.; Kang, Y. A Dynamic Algorithm for Measuring Pedestrian Congestion and Safety in Urban Alleyways. ISPRS Int. J. Geo-Inf. 2024, 13, 434",ISPRS International Journal of Geo-Information,2025,37.01677,0.161,
pub-conf-016,Road Congestion and Safety Algorithm for Alleyway Utilizing Trajectories Based on CCTV,"Jiyoon Lee, Youngok Kang",The First Asian Cartographic Conference,2024,3,10.3390/ijgi14100381,PGTFT: A Lightweight Graph-Attention Temporal Fusion Transformer for Predicting Pedestrian Congestion in Shadow Areas,ISPRS International Journal of Geo-Information,2025,28.543285,0.08,
pub-conf-091,A Strategic Plan for Application of Creative Education Based on Geospatial Technology,"강영옥, 조나혜, 강애띠, 박지영",International Conference on Geospatial Information Science 2013,2013,1,10.17936/pkelt.2012.24.4.009,A study of primary English vocabulary teaching strategies using content-based informational texts,English Language Teaching,2012,23.191473,0.136,
pub-conf-059,Understanding Tourists' Image of Seoul with Geotagged Photos Using CNN,강영옥,2019 International Conference on Geospatial Information Science,2019,1,10.17936/pkelt.2012.24.4.009,A study of primary English vocabulary teaching strategies using content-based informational texts,English Language Teaching,2012,23.440922,0.095,
pub-conf-075,Exploration of Spatio-temporal Patterns of Students' Movement in Field Trip by Visualizing the Log Data,"조나혜, 강영옥",The 28th International Cartographic Conference (ICC 2017),2017,1,,,,,,,
pub-conf-088,Mapping of the Stress Expressions Which Are Extracted from Tweet Data,"강애띠, 강영옥",The 26th International Cartographic Conference (ICC 2015),2015,1,,,,,,,
pub-conf-092,Current State and Research Topics to Infer Home Location of Twitter Messages,"강애띠, 강영옥",International Conference on Geospatial Information Science 2013,2013,1,,,,,,,
