id,original_title,original_authors,original_year,rank,candidate_doi,candidate_title,candidate_container,candidate_year,crossref_score,title_similarity,confirmed
pub-jour-011,오토인코더와 클러스터링을 통한 보행특성분석: CCTV에서 탐지된 궤적데이터를 활용한 위험 회피보행의 시공간 특성,"노승민, 이지윤, 강영옥",2025,1,,,,,,,
pub-jour-014,거리영상과 시멘틱 세그먼테이션을 활용한 보행환경평가,"최재연, 김소망, 노승민, 강영옥",2024,1,,,,,,,
pub-jour-019,스마트폰 GPS궤적의 시공간 맥락정보 벡터 임베딩을 활용한 생활 패턴 탐색 프레임워크,"김지연, 강영옥",2023,1,,,,,,,
pub-jour-021,GeoAI 활용분야와 연구동향,강영옥,2023,1,,,,,,,
pub-jour-022,스마트폰 GPS궤적의 체류 지점 도출 및 맥락정보 생성방법,"이희주, 노승민, 강영옥",2023,1,,,,,,,
pub-jour-026,궤적 데이터 마이닝 연구 동향: 응용 분야와 분석 방법론을 중심으로,"김지연, 이도현, 이지윤, 조주연, 강영옥",2022,1,,,,,,,
pub-jour-031,거리영상과 세그멘테이션을 활용한 보행환경 평가 지표 개발,"박지영, 강영옥, 김지연",2022,1,10.15717/bioedu.2017.45.3.437,중등 과학교육에서 소집단을 활용한 교수학습 연구 분석 및 '소집단 연구' 방법론 고찰,BIOLOGY EDUCATION,2017,32.902447,0.059,
pub-jour-033,CNN 기반 다중레이블 전이학습을 통한 관광이미지 분석,"윤지영, 강영옥",2021,1,,,,,,,
pub-jour-038,토픽모델링과 LSTM 기반 텍스트 분석을 통한 부산방문 외국인 관광객의 선호관광지 및 관광매력요인 분석,"이혜진, 강영옥",2020,1,,,,,,,
pub-jour-041,지능형 관광 서비스를 위한 관광 사진 분류체계 개발,"조나혜, 강영옥, 윤지영, 박소연",2019,1,,,,,,,
pub-jour-047,지오태깅된 사진 데이터를 활용한 서울방문 관광객의 주요 관광지 분석,"김나연, 강영옥",2019,1,,,,,,,
pub-jour-050,궤적 데이터 마이닝을 통한 서울방문 관광객의 이동 특성 분석,"이주윤, 강영옥, 김나연, 김동은, 박예림",2018,1,,,,,,,
pub-jour-052,도로 네트워크를 따른 교통사고 핫스팟 시각화,"조나혜, 전철민, 강영옥",2018,1,,,,,,,
pub-jour-053,국내 오픈소스 공간정보 소프트웨어 관련 기업의 비즈니스 모델 제안,"손세린, 강영옥",2018,1,,,,,,,
pub-jour-055,STP(Space Time Path)를 이용한 로그데이터의 시각화 및 특징분석,"조나혜, 강영옥",2018,1,,,,,,,
pub-jour-056,오픈소스 공간정보 소프트웨어 도입 가이드라인 연구,"강영옥, 손세린",2017,1,,,,,,,
pub-jour-058,스마트폰과 공간정보기술을 활용한 수업모듈의 개발과 적용: 우리 지역 소음지도 만들기,"김지연, 강영옥",2017,1,,,,,,,
pub-jour-059,서울시 여성운전자 교통사고의 시공간 특성 분석,"손세린, 강영옥",2017,1,,,,,,,
pub-jour-060,공간정보기술 활용 교육에 대한 교사 요구사항 분석 및 교육서비스 제공 전략,"강영옥, 박지영",2017,1,,,,,,,
pub-jour-061,Space-time Density of Field Trip Trajectory: Exploring Spatio-temporal Patterns in Movement Data,"조나혜, 강영옥",2017,1,,,,,,,
pub-jour-062,An Analysis of Open Source GIS Software Business Models and Case Studies,"강영옥, 손세린",2016,1,10.21457/kars..58.201003.157,On the Study of Catholic Feminie Leadership,Studies in Religion(The Journal of the Korean Association for the History of Religions),2010,27.748234,0.056,
pub-jour-062,An Analysis of Open Source GIS Software Business Models and Case Studies,"강영옥, 손세린",2016,2,10.21457/kars..63.201106.257,A Study on the Lay Leadership Building in Catholic Church,Studies in Religion(The Journal of the Korean Association for the History of Religions),2011,27.593964,0.000,
pub-jour-063,오픈소스 공간정보 소프트웨어 비즈니스 모델 및 국내 관련기업의 비즈니스 활성화 전략,"강영옥, 손세린",2016,1,,,,,,,
pub-jour-064,로그데이터의 시공간 데이터마이닝 및 시각화 연구동향,"조나혜, 강영옥",2016,1,,,,,,,
pub-jour-065,Evaluating Residential Location Inference of Twitter Users at District Level: Focused on Seoul City,"김문기, 강영옥, 고준환",2016,1,,,,,,,
pub-jour-066,Inferring Tweet Location Inference for Twitter Mining,"김문기, 강영옥, 이지영, 고준환",2016,1,,,,,,,
pub-jour-067,Risk Analysis and Visualization for Detecting Signs of Flood Disaster in Twitter,"권회윤, 강영옥",2016,1,,,,,,,
pub-jour-069,국내 오픈소스 공간정보 소프트웨어 활성화를 위한 요구사항 분석,"강영옥, 권회윤",2015,1,,,,,,,
pub-jour-070,모바일 현장체험학습 저작도구 개발을 위한 기초연구,"강영옥, 조나혜",2015,1,,,,,,,
pub-jour-071,타임라인데이터를 이용한 트위터 사용자의 거주 지역 유추방법,"강애띠, 강영옥",2015,1,,,,,,,
pub-jour-072,국내 오픈소스 공간정보 소프트웨어 생태계 분석,"강영옥, 강애띠, 권회윤",2014,1,,,,,,,
pub-jour-073,An Analysis of Spatial Characteristic on the Satisfaction of Residential Environments Using Tweets,"강영옥, 박재희, 강애띠",2014,1,10.17936/pkelt.2012.24.4.009,A study of primary English vocabulary teaching strategies using content-based informational texts,English Language Teaching,2012,23.439402,0.087,
pub-jour-074,공간정보의 교육 분야 활용을 위한 전략연구,"강영옥, 조나혜",2014,1,,,,,,,
pub-jour-075,구글 API를 활용한 공공데이터의 지리적 시각화 연구,"김현덕, 강영옥",2014,1,,,,,,,
pub-jour-076,트윗을 이용한 서울시 주거환경 만족의 공간적 특성 분석 - 도시정책지표 보완을 위한 활용방안 모색,"박재희, 강영옥",2014,1,,,,,,,
pub-jour-077,지리개념 이해를 위한 지오 온톨로지 구축: 해안지형을 사례로,"조나혜, 강영옥",2013,1,,,,,,,
pub-jour-078,온라인 국가지도집 발전방안에 관한 연구,"박지영, 강영옥",2013,1,10.15749/jts.2015.16.2.002,"미국, 유럽, 중국, 캐나다, ISO 번역 표준에 관한 복수사례연구",The Journal of Translation Studies,2015,31.919546,0.077,
pub-jour-078,온라인 국가지도집 발전방안에 관한 연구,"박지영, 강영옥",2013,2,10.15717/bioedu.2017.45.3.437,중등 과학교육에서 소집단을 활용한 교수학습 연구 분석 및 '소집단 연구' 방법론 고찰,BIOLOGY EDUCATION,2017,33.38862,0.067,
pub-jour-081,온톨로지 기반의 인문지리정보 통합시스템 구축자료 검증방안,"강영옥, 조나혜",2013,1,,,,,,,
pub-jour-082,선형기반의 도로명주소 및 국가기초구역 통합데이터 모델 연구,"강영옥, 장예진",2012,1,,,,,,,
pub-jour-084,Mobile Web 2.0 개념의 지역 기반 U-서비스 모델 연구: 은평 뉴타운의 Mobile U-Portal 서비스모델,"이주연, 강영옥",2012,1,,,,,,,
pub-jour-086,U-City 서비스에 대한 만족도 분석 및 발전 방안 연구: 부산시 시민체감 서비스를 사례로,"피민희, 강영옥",2010,1,,,,,,,
pub-jour-089,공간정보 알고리즘 및 시스템: GeoRSS 기능을 활용한 축제정보 사이트 구축,"조아라, 강영옥",2010,1,,,,,,,
pub-jour-092,소지역 통계공표구역 설정지침 보완연구,"강영옥, 장세진",2008,1,,,,,,,
pub-jour-095,유비쿼터스 기술을 이용한 다중집합장소의 시민서비스 고도화 방안: 지리공간 웹 기반 서비스 제공을 중심으로,"강영옥, 김희원",2008,1,,,,,,,
pub-jour-096,지방자치단체의 Enterprise GIS 고도화전략: 데이터중심에서 서비스중심 아키텍처로,강영옥,2007,1,10.21073/kiar.2009..26.010,An Empirical Study on Relationship between Tax Avoidance and Enterprise Characters' Variables,Korea International Accounting Review,2009,23.786106,0.056,
pub-jour-097,서울시 측량기준점 정비 및 활용대책,"강영옥, 이석민, 정상희, 이양재",2007,1,,,,,,,